Capability ID,Capability,Feature IDs,Chain IDs,Modules,Primary code paths,Tests,Evidence,Status,Risk,Owner,Last updated,Notes
CAP-001,Auth session login chain,auth-session,CHAIN-AUTH-SESSION,web-auth; api-auth,apps/web/src/features/auth; apps/api/src/modules/auth,SOAR-TEST-AUTH-SESSION,history/evidence/prod-auth-session-browser-proof-84711599-2026-05-14.md; docs/architecture/indices/function-chain-evidence-index.csv; docs/architecture/indices/web-journey-index.csv,verified,high,Documentation Steward / Auth lane,2026-07-02,Backfilled from active traceability sources.
CAP-002,Dashboard runtime monitoring chain,dashboard-runtime,CHAIN-DASHBOARD-RUNTIME,web-dashboard-home; api-bots; runtime,apps/web/src/app/dashboard/page.tsx; apps/web/src/features/dashboard-home; apps/api/src/modules/bots,SOAR-TEST-DASHBOARD-RUNTIME; SOAR-TEST-RUNTIME-DCA-PNL; SOAR-TEST-MANUAL-ORDER,apps/web/src/features/dashboard-home/components/HomeLiveWidgets.runtime-table-audit.test.tsx; docs/status/app-completion-index.md,partially_verified,high,Documentation Steward / Dashboard Runtime lane,2026-07-02,Fresh authenticated browser proof after public reachability restore remains required.
CAP-003,Manual order execution chain,manual-order,CHAIN-MANUAL-ORDER; CHAIN-MANUAL-ORDER-DEEP,web-orders; api-orders; engine; exchange,apps/web/src/features/dashboard-home; apps/api/src/modules/orders; apps/api/src/modules/engine; apps/api/src/modules/exchange,SOAR-TEST-WEB-MANUAL-ORDER; SOAR-TEST-ORDER-SERVICE; SOAR-TEST-ORDER-POSITIONS-E2E; SOAR-TEST-EXCHANGE-ADAPTER,history/audits/live-exchange-execution-parity-2026-05-23-task.md; docs/architecture/indices/function-chain-evidence-index.csv,verified_local,critical,Documentation Steward / Trading Operation lane,2026-07-02,Approval-gated LIVE mutation proof and protected production manual/bot readback remain separate.
CAP-004,Runtime DCA exchange PnL chain,runtime-dca-pnl,CHAIN-RUNTIME-DCA-PNL,api-engine; api-bots; exchange,apps/api/src/modules/bots; apps/api/src/modules/engine; apps/api/src/modules/exchange,SOAR-TEST-RUNTIME-DCA-PNL; SOAR-TEST-EXCHANGE-ADAPTER; SOAR-TEST-MANUAL-ORDER,history/tasks/runtime-dca-exchange-pnl-threshold-2026-05-23-task.md,verified_local,critical,Documentation Steward / Engine Runtime lane,2026-07-02,Protected production readback remains separate.
CAP-005,Positions read reconciliation and manual update chain,positions,CHAIN-POSITIONS-CORE,web-positions; api-positions; exchange; runtime,apps/web/src/features/positions; apps/api/src/modules/positions; apps/api/src/modules/bots; apps/api/src/modules/exchange,SOAR-TEST-WEB-POSITIONS; SOAR-TEST-POSITIONS-SERVICE; SOAR-TEST-POSITIONS-RECONCILIATION; SOAR-TEST-DASHBOARD-RUNTIME,history/evidence/v1-positions-local-proof-task-2026-05-11.md; docs/architecture/indices/web-journey-index.csv,verified_local,critical,Documentation Steward / Positions lane,2026-07-02,Fresh production-safe positions clickthrough and protected LIVE readback remain separate.
CAP-006,Bot Runtime monitoring core chain,bot-runtime,CHAIN-BOT-RUNTIME-CORE,web-bots; api-bots; runtime,apps/web/src/app/dashboard/bots; apps/web/src/features/bots; apps/api/src/modules/bots,SOAR-TEST-BOT-RUNTIME-API; SOAR-TEST-BOT-RUNTIME-WEB; SOAR-TEST-POSITIONS-RECONCILIATION; SOAR-TEST-RUNTIME-DCA-PNL,history/audits/bots-runtime-truth-audit-2026-05-19.md,verified_local,critical,Documentation Steward / Bot Runtime lane,2026-07-02,Fresh authenticated production runtime readback remains separate.
CAP-007,Release audit tooling evidence chain,release-audit-tooling,CHAIN-RELEASE-AUDIT-TOOLING,release; audit; ops,scripts; history/releases; history/artifacts,SOAR-TEST-RELEASE-AUDIT-TOOLING; SOAR-TEST-GUARDRAILS,history/tasks/operator-unblock-default-current-packet-2026-05-24-task.md; history/releases/v1-preflight-production-no-secret-refresh-2026-05-24.md,verified_local,critical,Documentation Steward / Ops Release lane,2026-07-02,Protected production input proof remains blocked by operator-provided environment names.
CAP-008,Exchange adapter deep capability and connector chain,exchange-adapter,CHAIN-EXCHANGE-ADAPTER-DEEP,api-exchange; orders; positions; runtime,apps/api/src/modules/exchange; apps/api/src/modules/orders; apps/api/src/modules/positions; apps/api/src/modules/bots,SOAR-TEST-EXCHANGE-CAPABILITY-CONTRACTS; SOAR-TEST-EXCHANGE-AUTH-READ; SOAR-TEST-EXCHANGE-ADAPTER-BOUNDARY; SOAR-TEST-LIVE-ORDER-ADAPTER,history/audits/exchange-capability-truth-audit-2026-05-19-task.md; history/artifacts/exchange-capability-truth-audit-2026-05-19.json,verified_local,critical,Documentation Steward / Integration Trading lane,2026-07-02,Fresh approved production LIVE mutation proof remains separate.
CAP-009,Wallets core lifecycle and analytics chain,wallets,CHAIN-WALLETS-CORE,web-wallets; api-wallets; exchange,apps/web/src/app/dashboard/wallets; apps/web/src/features/wallets; apps/api/src/modules/wallets,SOAR-TEST-WALLETS-API; SOAR-TEST-WALLET-LEDGER; SOAR-TEST-WALLETS-WEB; SOAR-TEST-EXCHANGE-AUTH-READ,docs/modules/api-wallets.md; docs/modules/web-wallets.md; docs/architecture/indices/function-chain-evidence-index.csv,verified_local,critical,Documentation Steward / Wallets lane,2026-07-02,Fresh authenticated browser proof and approved LIVE mutation/readback remain separate.
CAP-010,Profile API Keys credential lifecycle chain,profile-api-keys,CHAIN-PROFILE-API-KEYS,web-profile; api-profile; exchange,apps/web/src/app/dashboard/profile; apps/web/src/features/profile; apps/api/src/modules/profile; apps/api/src/modules/exchange,SOAR-TEST-PROFILE-API-KEYS-API; SOAR-TEST-PROFILE-API-KEY-PROBE; SOAR-TEST-PROFILE-API-KEYS-WEB,docs/modules/api-profile.md; docs/modules/web-profile.md; docs/architecture/indices/function-chain-evidence-index.csv,verified_local,critical,Documentation Steward / Profile lane,2026-07-02,Secret-bearing production probe proof remains separate and must never print raw secrets.
CAP-011,Bot setup and canonical topology chain,bot-setup,CHAIN-BOT-SETUP,web-bots; api-bots; wallets; strategies; markets,apps/web/src/app/dashboard/bots; apps/web/src/features/bots; apps/api/src/modules/bots,SOAR-TEST-BOT-SETUP-API; SOAR-TEST-BOT-SETUP-WEB; SOAR-TEST-WEB-RESIDUAL-SURFACES,docs/modules/api-bots.md; docs/modules/web-bots.md; docs/status/app-completion-index.md,verified_local,critical,Documentation Steward / Bots lane,2026-07-02,Fresh authenticated browser proof and LIVE activation proof remain separate.
CAP-012,Strategy authoring and indicator catalog chain,strategies,CHAIN-STRATEGIES,web-strategies; api-strategies; engine,apps/web/src/app/dashboard/strategies; apps/web/src/features/strategies; apps/api/src/modules/strategies,SOAR-TEST-STRATEGIES-API; SOAR-TEST-STRATEGY-INDICATORS; SOAR-TEST-STRATEGIES-WEB; SOAR-TEST-STRATEGY-FORM-UTILS,docs/modules/api-strategies.md; docs/modules/web-strategies.md,verified_local,critical,Documentation Steward / Strategies lane,2026-07-02,Fresh authenticated browser proof and production strategy mutation proof remain separate.
CAP-013,Market universe authoring and catalog chain,markets,CHAIN-MARKETS,web-markets; api-markets; exchange catalog,apps/web/src/app/dashboard/markets; apps/web/src/features/markets; apps/api/src/modules/markets; apps/api/src/modules/exchange,SOAR-TEST-MARKETS-API; SOAR-TEST-MARKETS-WEB; SOAR-TEST-EXCHANGE-MARKET-CATALOG,docs/modules/api-markets.md; docs/modules/web-markets.md,verified_local,critical,Documentation Steward / Markets lane,2026-07-02,Fresh authenticated browser proof and production market mutation proof remain separate.
CAP-014,Backtest run lifecycle and replay chain,backtests,CHAIN-BACKTESTS,web-backtest; api-backtests; workers; reports,apps/web/src/app/dashboard/backtests; apps/web/src/features/backtest; apps/api/src/modules/backtests,SOAR-TEST-BACKTESTS-API; SOAR-TEST-BACKTEST-REPLAY; SOAR-TEST-BACKTESTS-WEB; SOAR-TEST-REPORTS-API,docs/modules/api-backtests.md; docs/modules/web-backtest.md,verified_local,critical,Documentation Steward / Backtests lane,2026-07-02,Fresh authenticated browser proof and heavy replay performance proof remain separate.
CAP-015,Reports performance evidence chain,reports,CHAIN-REPORTS,web-reports; api-reports; backtests,apps/web/src/app/dashboard/reports; apps/web/src/features/reports; apps/api/src/modules/reports; apps/api/src/modules/backtests,SOAR-TEST-REPORTS-API; SOAR-TEST-REPORTS-WEB; SOAR-TEST-BACKTESTS-WEB,docs/modules/api-reports.md; docs/modules/web-reports.md,verified_local,critical,Documentation Steward / Reports lane,2026-07-02,Fresh authenticated browser proof and production report readback remain separate.
CAP-016,Logs Audit Trail evidence chain,logs-audit,CHAIN-LOGS-AUDIT,web-logs; api-logs,apps/web/src/app/dashboard/logs; apps/web/src/features/logs; apps/api/src/modules/logs,SOAR-TEST-LOGS-API; SOAR-TEST-LOGS-WEB,docs/modules/api-logs.md; docs/modules/web-logs.md,verified_local,high,Documentation Steward / Logs lane,2026-07-02,Fresh authenticated browser proof and production action-produced readback remain separate.
CAP-017,Subscriptions Admin entitlement and management chain,subscriptions-admin,CHAIN-SUBSCRIPTIONS-ADMIN,web-admin; api-admin; subscriptions; payments,apps/web/src/app/admin; apps/web/src/features/admin; apps/api/src/modules/admin; apps/api/src/modules/subscriptions,SOAR-TEST-SUBSCRIPTIONS-ADMIN-API; SOAR-TEST-SUBSCRIPTIONS-ENTITLEMENTS; SOAR-TEST-SUBSCRIPTIONS-ADMIN-WEB,docs/modules/api-admin.md; docs/modules/api-subscriptions.md; docs/modules/web-admin.md,verified_local,critical,Documentation Steward / Admin Subscriptions lane,2026-07-02,Checkout provider callback proof and production admin mutation proof remain separate.
CAP-018,AI Assistant foundation chain,ai-assistant-foundation,CHAIN-AI-ASSISTANT-FOUNDATION,web-bots; api-bots; assistant runtime,apps/web/src/app/dashboard/bots/[id]/assistant; apps/web/src/features/bots; apps/api/src/modules/bots; apps/api/src/modules/engine,SOAR-TEST-AI-ASSISTANT-API; SOAR-TEST-AI-ASSISTANT-ORCHESTRATOR; SOAR-TEST-AI-ASSISTANT-WEB; SOAR-TEST-AI-PROTOCOL-HARNESS,history/tasks/ai-assistant-foundation-protocol-harness-2026-05-23-task.md; docs/architecture/reference/assistant-runtime-contract.md,verified_local,critical,Documentation Steward / AI Runtime lane,2026-07-02,Hot-path runtime AI trading remains deferred and requires separate red-team proof.
CAP-019,Operations config and pipeline chain,ops-config-pipeline,CHAIN-OPS-CONFIG-PIPELINE,ops; deployment; guardrails,package.json; scripts; docs/operations; history/releases,SOAR-TEST-GUARDRAILS; SOAR-DOC-LOCAL-DEVELOPMENT; SOAR-DOC-COOLIFY-VPS; SOAR-DOC-TESTING,history/tasks/coolify-service-stack-migration-2026-05-25-task.md,verified_local,high,Documentation Steward / Ops lane,2026-07-02,Production Coolify stack deployment and protected proof remain separate.
CAP-020,API support routes chain,api-support-routes,CHAIN-API-SUPPORT-ROUTES,api-root; profile; upload; icons; market-stream,apps/api/src/router; apps/api/src/modules/profile; apps/api/src/modules/upload; apps/api/src/modules/icons; apps/api/src/modules/market-stream,SOAR-TEST-API-SUPPORT-ROUTES; SOAR-TEST-ICONS-API; SOAR-TEST-MARKET-STREAM-API; SOAR-TEST-PROFILE-BASIC-API; SOAR-TEST-UPLOAD-API,history/tasks/architecture-graph-api-support-routes-backfill-2026-05-24-task.md,verified_local,critical,Documentation Steward / API Platform lane,2026-07-02,Fresh authenticated browser proof for profile/upload UI consumers remains separate.
CAP-021,Runtime support services chain,runtime-support-services,CHAIN-RUNTIME-SUPPORT-SERVICES,api-bots; api-engine; runtime services,apps/api/src/modules/bots; apps/api/src/modules/engine,SOAR-TEST-RUNTIME-SUPPORT-SERVICES; SOAR-TEST-BOT-OWNERSHIP; SOAR-TEST-PAPER-RUNTIME; SOAR-TEST-DASHBOARD-RUNTIME,history/tasks/architecture-graph-runtime-support-services-backfill-2026-05-24-task.md,verified_local,critical,Documentation Steward / Runtime Services lane,2026-07-02,Fresh end-to-end runtime journey and protected LIVE proof remain separate.
CAP-022,API platform safety chain,api-platform-safety,CHAIN-API-PLATFORM-SAFETY,api-platform; security; middleware,apps/api/src/lib; apps/api/src/middleware; apps/api/src/config,SOAR-TEST-API-PLATFORM-SAFETY; SOAR-TEST-API-CONFIG-SAFETY; SOAR-TEST-API-MIDDLEWARE-SAFETY; SOAR-TEST-API-LIB-SAFETY,history/tasks/architecture-graph-api-platform-safety-backfill-2026-05-24-task.md; history/evidence/luc-2231-api-platform-safety-adversarial-review-2026-06-05.md,verified_local,critical,Documentation Steward / Security lane,2026-07-02,Production/browser proof remains separate.
CAP-023,Web runtime surfaces chain,web-runtime-surfaces,CHAIN-WEB-RUNTIME-SURFACES,web-dashboard-home; web-bots; runtime UI,apps/web/src/features/dashboard-home; apps/web/src/features/bots; apps/web/src/app/dashboard,SOAR-TEST-WEB-RUNTIME-SURFACES; SOAR-TEST-DASHBOARD-RUNTIME-HELPERS; SOAR-TEST-BOTS-PORTFOLIO-HISTORY-WEB; SOAR-TEST-BOT-RUNTIME-WEB,history/tasks/architecture-graph-web-runtime-surfaces-backfill-2026-05-24-task.md,verified_local,critical,Documentation Steward / Frontend Runtime lane,2026-07-02,Fresh authenticated browser runtime journey remains separate.
CAP-024,Auth session deep chain,auth-session,CHAIN-AUTH-SESSION-DEEP,web-auth; api-auth; public shell,apps/web/src/app/(public); apps/web/src/features/auth; apps/web/src/context/AuthContext.tsx; apps/api/src/modules/auth,SOAR-TEST-WEB-AUTH-FORMS; SOAR-TEST-WEB-AUTH-HOOKS; SOAR-TEST-WEB-AUTH-CONTEXT; SOAR-TEST-API-AUTH-SESSION-DEEP,history/tasks/architecture-graph-auth-session-deep-backfill-2026-05-24-task.md,verified_local,critical,Documentation Steward / Auth lane,2026-07-02,Fresh production auth browser proof remains separate.
CAP-025,Engine runtime core chain,engine-runtime-core,CHAIN-ENGINE-RUNTIME-CORE,api-engine; runtime; paper trading,apps/api/src/modules/engine; apps/api/src/modules/bots,SOAR-TEST-ENGINE-RUNTIME-CORE; SOAR-TEST-PAPER-RUNTIME; SOAR-TEST-RUNTIME-SUPPORT-SERVICES; SOAR-TEST-RUNTIME-DCA-PNL,history/tasks/architecture-graph-engine-runtime-core-backfill-2026-05-24-task.md,verified_local,critical,Documentation Steward / Engine lane,2026-07-02,Fresh end-to-end runtime journey and protected LIVE exchange mutation proof remain separate.
CAP-026,Market data and stream adapters chain,market-data-stream-adapters,CHAIN-MARKET-DATA-STREAM-ADAPTERS,market-data; market-stream; exchange,apps/api/src/modules/market-data; apps/api/src/modules/market-stream; apps/api/src/modules/exchange; apps/workers,SOAR-TEST-MARKET-DATA-STREAM-ADAPTERS; SOAR-TEST-EXCHANGE-CONNECTOR-FACTORY; SOAR-TEST-MARKET-STREAM-API; SOAR-TEST-ENGINE-RUNTIME-CORE,history/tasks/architecture-graph-market-data-stream-adapters-backfill-2026-05-24-task.md,verified_local,critical,Documentation Steward / Data Integration lane,2026-07-02,Fresh live exchange stream proof remains separate.
CAP-027,App completion proof backlog,app-completion,docs/status/app-completion-index.md,all product workflows,docs/status/app-completion-index.md; docs/graphs/architecture-awareness.json,architecture-awareness generated checks,docs/status/app-completion-index.md; docs/status/app-completion-index.json,partially_verified,high,Documentation Steward / Delivery Project Manager,2026-07-02,Generated 2026-07-01 index tracks 2303 items across 8 flows with browser-review test-link doc-link and blocked rows.
